 	 	project:	ALL	ALL	#ofBugs:	3909	#ofCommunityMembers:	68 - 664						project:	adobe/brackets	2935735	#ofAssignments:	3731	#ofCommunityMembers:	330					project:	fog/fog	203666	#ofAssignments:	63	#ofCommunityMembers:	664					project:	lift/framework	1295197	#ofAssignments:	115	#ofCommunityMembers:	68																																																																																																																		
Experiment title	TIME	MRR	MAP	Top 1	Top 5	Top 10	p@1	r@1	p@5	r@5	p@10	r@10	Any comments for the experiment	MRR	MAP	Top 1	Top 5	Top 10	p@1	r@1	p@5	r@5	p@10	r@10	MRR	MAP	Top 1	Top 5	Top 10	p@1	r@1	p@5	r@5	p@10	r@10	MRR	MAP	Top 1	Top 5	Top 10	p@1	r@1	p@5	r@5	p@10	r@10																																																																																																														
1- (bTDmL - bTDmL - w__+TF_F_T+IDF_fre+pri+tL_b+r2 - 3tP) - 20170619_174725	1.7Sec	0.52352	49.23239	34.86825	75.95293	92.09517	34.86825	27.07896	18.55206	71.55155	11.59887	90.50951	-	0.52368	49.15877	34.65559	76.22621	92.73653	34.65559	26.58849	18.73492	71.65505	11.75824	91.10203	-	-	-	-	-	-	-	-	-	-	-	-	-	-	-	-	-	-	-	-	-	-	0.46270	46.27047	34.92063	61.90476	69.84127	34.92063	34.92063	12.38095	61.90476	6.98413	69.84127	-	-	-	-	-	-	-	-	-	-	-	-	-	-	-	-	-	-	-	-	-	-	-	-	-	-	-	-	-	-	-	-	-	0.55143	53.24361	41.73913	74.78261	83.47826	41.73913	38.69565	16.00000	73.47826	8.95652	82.60870	-	-	-	-	-	-	-	-	-	-	-	-	-	-	-	-	-	-	-	-	-	-	-	-	-	-	-	-	-	-	-	-	-	-	-	-	-	-	-	-	-	-	-	-	-	-	-	-	-	-	-	-	-	-	-	
2- (bTDmL - bTDmL+c - w__+TF_F_T+IDF_fre+pri+tL_b+r2 - 3tP) - 20170619_175005	2.6Sec	0.53406	50.39092	35.40547	78.45996	93.24635	35.40547	27.69933	19.09440	74.17413	11.71655	91.68415	-	0.53687	50.56729	35.75449	78.63843	93.75503	35.75449	27.76110	19.26025	74.18833	11.86277	92.14509	-	-	-	-	-	-	-	-	-	-	-	-	-	-	-	-	-	-	-	-	-	-	0.45707	45.70692	28.57143	68.25397	76.19048	28.57143	28.57143	13.65079	68.25397	7.61905	76.19048	-	-	-	-	-	-	-	-	-	-	-	-	-	-	-	-	-	-	-	-	-	-	-	-	-	-	-	-	-	-	-	-	-	0.48513	47.23485	27.82609	78.26087	86.08696	27.82609	25.21739	16.69565	76.95652	9.21739	85.21739	-	-	-	-	-	-	-	-	-	-	-	-	-	-	-	-	-	-	-	-	-	-	-	-	-	-	-	-	-	-	-	-	-	-	-	-	-	-	-	-	-	-	-	-	-	-	-	-	-	-	-	-	-	-	-	
