 	 	project:	ALL	ALL	#ofBugs:	7925	#ofCommunityMembers:	73 - 853						project:	adobe/brackets	2935735	#ofAssignments:	6554	#ofCommunityMembers:	853					project:	fog/fog	203666	#ofAssignments:	1146	#ofCommunityMembers:	766					project:	lift/framework	1295197	#ofAssignments:	225	#ofCommunityMembers:	73																																																																																																																		
Experiment title	TIME	MRR	MAP	Top 1	Top 5	Top 10	p@1	r@1	p@5	r@5	p@10	r@10	Any comments for the experiment	MRR	MAP	Top 1	Top 5	Top 10	p@1	r@1	p@5	r@5	p@10	r@10	MRR	MAP	Top 1	Top 5	Top 10	p@1	r@1	p@5	r@5	p@10	r@10	MRR	MAP	Top 1	Top 5	Top 10	p@1	r@1	p@5	r@5	p@10	r@10																																																																																																														
1- (bTDmL - bTDmL - w__+TF_F_T+IDF_fre+pri+tL_b+r2 - 3tP) - 20170619_174725	9.9Sec	0.53482	52.97450	39.43218	72.70662	83.00315	39.43218	38.37539	14.86435	71.98002	8.55899	82.68349	-	0.50357	49.79308	35.26091	71.23894	83.17058	35.26091	34.14581	14.58346	70.42900	8.59475	82.81457	-	-	-	-	-	-	-	-	-	-	-	-	-	-	-	-	-	-	-	-	-	-	0.70093	69.85769	62.04188	79.66841	81.32635	62.04188	61.37289	16.14311	79.36300	8.27225	81.19546	-	-	-	-	-	-	-	-	-	-	-	-	-	-	-	-	-	-	-	-	-	-	-	-	-	-	-	-	-	-	-	-	-	0.59907	59.65408	45.77778	80.00000	86.66667	45.77778	44.44444	16.53333	79.55556	8.97778	86.44444	-	-	-	-	-	-	-	-	-	-	-	-	-	-	-	-	-	-	-	-	-	-	-	-	-	-	-	-	-	-	-	-	-	-	-	-	-	-	-	-	-	-	-	-	-	-	-	-	-	-	-	-	-	-	-	
2- (bTDmL - bTDmL+c - w__+TF_F_T+IDF_fre+pri+tL_b+r2 - 3tP) - 20170619_175005	10.6Sec	0.55247	54.73829	40.94637	74.73817	84.18927	40.94637	39.88644	15.28580	74.03891	8.67256	83.82545	-	0.52202	51.64345	36.95453	73.22246	84.26915	36.95453	35.83562	15.00153	72.45321	8.70308	83.89025	-	-	-	-	-	-	-	-	-	-	-	-	-	-	-	-	-	-	-	-	-	-	0.70841	70.58535	62.12914	81.32635	82.63525	62.12914	61.46015	16.45724	80.97731	8.37696	82.32984	-	-	-	-	-	-	-	-	-	-	-	-	-	-	-	-	-	-	-	-	-	-	-	-	-	-	-	-	-	-	-	-	-	0.64517	64.17319	49.33333	85.33333	89.77778	49.33333	48.00000	17.60000	84.88889	9.28889	89.55556	-	-	-	-	-	-	-	-	-	-	-	-	-	-	-	-	-	-	-	-	-	-	-	-	-	-	-	-	-	-	-	-	-	-	-	-	-	-	-	-	-	-	-	-	-	-	-	-	-	-	-	-	-	-	-	
