 	 	project:	ALL	ALL	#ofBugs:	391	#ofCommunityMembers:	68 - 665						project:	adobe/brackets	2935735	#ofAssignments:	171	#ofCommunityMembers:	310					project:	fog/fog	203666	#ofAssignments:	91	#ofCommunityMembers:	665					project:	lift/framework	1295197	#ofAssignments:	129	#ofCommunityMembers:	68																																																																																																																		
Experiment title	TIME	MRR	MAP	Top 1	Top 5	Top 10	p@1	r@1	p@5	r@5	p@10	r@10	Any comments for the experiment	MRR	MAP	Top 1	Top 5	Top 10	p@1	r@1	p@5	r@5	p@10	r@10	MRR	MAP	Top 1	Top 5	Top 10	p@1	r@1	p@5	r@5	p@10	r@10	MRR	MAP	Top 1	Top 5	Top 10	p@1	r@1	p@5	r@5	p@10	r@10																																																																																																														
1- (bTDmL - bTDmL - w__+TF_F_T+IDF_fre+pri+tL_b+r2 - 3tP) - 20170619_174725	0.8Sec	0.56514	51.50885	46.80307	68.54220	74.16880	46.80307	38.02217	15.44757	63.59761	8.59335	70.71611	-	0.52991	44.20929	42.10526	67.25146	71.34503	42.10526	27.58285	16.02339	58.86940	8.94737	65.49708	-	-	-	-	-	-	-	-	-	-	-	-	-	-	-	-	-	-	-	-	-	-	0.54304	50.49618	51.64835	58.24176	62.63736	51.64835	42.85714	14.06593	54.39560	7.58242	59.34066	-	-	-	-	-	-	-	-	-	-	-	-	-	-	-	-	-	-	-	-	-	-	-	-	-	-	-	-	-	-	-	-	-	0.62742	61.89936	49.61240	77.51938	86.04651	49.61240	48.44961	15.65891	76.35659	8.83721	85.65891	-	-	-	-	-	-	-	-	-	-	-	-	-	-	-	-	-	-	-	-	-	-	-	-	-	-	-	-	-	-	-	-	-	-	-	-	-	-	-	-	-	-	-	-	-	-	-	-	-	-	-	-	-	-	-	
2- (bTDmL - bTDmL+c - w__+TF_F_T+IDF_fre+pri+tL_b+r2 - 3tP) - 20170619_175005	0.8Sec	0.52408	49.04326	40.15345	67.51918	76.98210	40.15345	33.75959	15.60102	63.51236	9.18159	75.06394	-	0.45628	39.41227	32.74854	60.23392	75.43860	32.74854	22.31969	14.97076	52.72904	9.82456	71.92982	-	-	-	-	-	-	-	-	-	-	-	-	-	-	-	-	-	-	-	-	-	-	0.50527	48.27871	42.85714	61.53846	62.63736	42.85714	35.53114	15.38462	59.52381	8.02198	61.53846	-	-	-	-	-	-	-	-	-	-	-	-	-	-	-	-	-	-	-	-	-	-	-	-	-	-	-	-	-	-	-	-	-	0.62723	62.34927	48.06202	81.39535	89.14729	48.06202	47.67442	16.58915	80.62016	9.14729	88.75969	-	-	-	-	-	-	-	-	-	-	-	-	-	-	-	-	-	-	-	-	-	-	-	-	-	-	-	-	-	-	-	-	-	-	-	-	-	-	-	-	-	-	-	-	-	-	-	-	-	-	-	-	-	-	-	
